ID,age,gender
sub-52358,40.0,1
sub-60624,49.0,0
sub-IXI073,46.36550308,1
sub-89853,40.0,0
sub-A00039607,42.0,1
sub-IXI441,48.10130048,1
sub-IXI205,45.3798768,0
sub-84403,41.0,0
sub-A00040494,45.0,1
sub-IXI308,41.20465435,0
sub-A00050998,47.0,1
sub-OAS30231d3532,45.486652,1
sub-0025995,49.0,1
sub-OAS30278d1325,49.0,1
sub-A00065974,44.0,1
sub-A00053874,47.0,1
sub-A00039500,45.0,1
sub-IXI424,46.29705681,0
sub-0003045,42.63,1
sub-0025094,46.25,1
sub-OAS30241d1127,47.60575,1
sub-IXI595,49.59616701,1
sub-A00058503,42.0,1
sub-0027122,49.0,0
sub-IXI248,44.87611225,1
sub-OAS31065d0034,49.0,0
sub-OAS31064d3372,48.55852,0
sub-OAS30452d1094,47.712524,1
sub-OAS30278d1234,46.261463,1
sub-A00062926,46.0,1
sub-OAS30188d0246,45.0,1
sub-0051566,41.0,0
sub-98894,48.0,1
sub-0051373,46.0,0
sub-A00053901,43.0,1
sub-A00059845,44.0,0
sub-IXI166,41.2019165,1
sub-97881,40.0,0
sub-IXI588,45.29500342,0
sub-A00035625,49.0,1
sub-IXI354,45.61533196,0
sub-A00056452,40.0,1
sub-A00028754,42.0,1
sub-0051477,42.5,0
sub-IXI566,42.9705681,1
sub-IXI631,41.30047912,0
sub-A00073283,42.0,1
sub-95400,49.0,1
sub-OAS30156d0000,49.0,1
sub-0025047,40.09,0
sub-A00031167,47.0,1
sub-IXI584,41.32785763,0
sub-A00031894,41.0,0
sub-IXI134,47.35386721,0
sub-IXI375,41.05954825,1
sub-A00052180,47.0,1
sub-OAS30211d0000,45.916496,0
sub-IXI648,47.72347707,0
sub-OAS30411d0183,48.0,0
sub-A00062266,42.0,1
sub-IXI525,41.51950719,0
sub-94169,43.0,0
sub-A00058552,45.0,1
sub-20732,41.0,1
sub-29040,49.0,0
sub-62937,46.0,1
sub-0025992,47.0,1
sub-57738,47.0,0
sub-IXI390,41.88911704,1
sub-0027224,40.0,0
sub-OAS30429d0055,48.0,1
sub-A00039074,47.0,1
sub-45463,49.0,1
sub-IXI013,46.71047228,0
sub-17987,47.0,0
sub-0027240,40.0,0
sub-OAS30211d1239,49.0,0
sub-IXI054,41.7522245,1
sub-OAS30429d0000,48.06297,1
sub-A00028784,43.0,1
sub-A00065480,45.0,1
sub-IXI194,48.33127995,1
sub-IXI191,44.20533881,0
sub-0025474,43.0,0
sub-A00060430,45.0,1
sub-45019,44.0,1
sub-A00038623,42.0,1
sub-66941,42.0,1
sub-A00063424,47.0,1
sub-IXI151,45.38809035,0
sub-A00044011,44.0,1
sub-A00050720,40.0,1
sub-IXI478,49.01574264,0
sub-IXI090,41.82067077,0
sub-A00065991,43.0,1
sub-OAS30005d0143,48.0,1
sub-IXI108,43.16221766,0
sub-A00033011,41.0,1
sub-A00045554,42.0,0
sub-IXI285,40.81314168,0
sub-OAS30922d0058,46.0,1
sub-51248,40.98,0
sub-4176156,46.0,1
sub-A00052612,47.0,1
sub-A00064415,48.0,0
sub-0025114,48.0,0
sub-A00043790,49.0,1
sub-A00059346,42.0,1
sub-A00028468,46.0,0
sub-86516,47.0,0
sub-IXI045,40.03559206,1
sub-A00034827,47.0,0
sub-OAS30079d0019,45.0,1
sub-OAS30638d0000,42.46954,0
sub-A00065935,42.0,1
sub-IXI181,45.69746749,0
sub-IXI200,49.9192334,1
sub-47658,42.0,0
sub-A00028753,41.0,1
sub-28422,42.0,0
sub-IXI290,45.7522245,1
sub-A00044405,49.0,1
sub-A00040678,46.0,1
sub-OAS30701d1333,49.0,1
sub-63196,49.0,1
sub-A00043521,44.0,1
sub-IXI123,46.57905544,1
sub-IXI332,42.37097878,1
sub-IXI063,41.12251882,0
sub-IXI268,44.91991786,1
sub-0051475,44.2,0
sub-OAS31157d1246,47.74812,1
sub-IXI189,41.71937029,1
sub-IXI280,42.50787132,1
sub-0051371,48.0,0
sub-44077,45.0,0
sub-A00041540,46.0,1
sub-OAS30192d1409,49.0,0
sub-87910,47.0,0
sub-84978,46.0,1
sub-A00054897,49.0,0
sub-A00028400,48.0,1
sub-OAS30131d0086,49.0,0
sub-A00040493,45.0,1
sub-28470,46.0,1
sub-A00061790,49.0,1
sub-8574662,42.0,1
sub-OAS30290d0000,47.0,0
sub-A00037831,49.0,1
sub-A00059344,43.0,0
sub-A00039118,49.0,1
sub-OAS30699d0108,43.0,0
sub-A00028842,42.0,0
sub-29600,46.43,1
sub-30003,48.0,0
sub-A00088267,46.0,1
sub-A00033764,48.0,1
sub-IXI579,41.21560575,0
sub-OAS30701d0054,46.0,1
sub-72135,43.0,1
sub-0051570,42.0,0
sub-OAS31099d0900,48.0,1
sub-IXI101,45.77412731,0
sub-A00062255,46.0,0
sub-IXI330,44.48186174,0
sub-OAS30278d0028,46.0,1
sub-85442,43.0,0
sub-3201815,48.0,1
sub-A00061597,45.0,1
sub-49134,44.0,0
sub-A00035606,48.0,1
sub-0027239,40.0,1
sub-A00033609,47.0,0
sub-OAS31064d0054,48.0,0
sub-0027229,48.0,1
sub-A00038411,44.0,1
sub-0025601,40.0,0
sub-A00053927,48.0,0
sub-IXI141,46.00684463,1
sub-83067,45.0,0
sub-A00040462,47.0,1
sub-A00065379,42.0,0
sub-OAS30673d1135,48.0,1
sub-IXI282,40.00821355,0
sub-A00062942,42.0,1
sub-A00061263,49.0,0
sub-IXI451,41.13073238,1
sub-0003050,49.37,1
sub-44912,49.0,1
sub-A00035798,44.0,0
sub-IXI066,46.16837782,1
sub-IXI198,45.25667351,0
sub-00623,48.0,1
sub-IXI264,44.88158795,1
sub-A00043739,49.0,1
sub-0025143,40.69,0
sub-A00037377,49.0,1
sub-IXI528,40.5284052,0
sub-A00039951,42.0,0
sub-70595,44.0,1
sub-A00043324,46.0,1
sub-IXI142,48.25462012,1
sub-OAS30432d0100,43.0,1
sub-IXI137,41.229295,0
sub-A00037421,44.0,1
sub-A00052319,47.0,1
sub-IXI226,41.9028063,1
sub-A00060407,43.0,0
sub-A00028150,44.0,1
sub-A00035744,49.0,1
sub-0025988,48.0,0
sub-IXI180,42.15195072,1
sub-A00038817,49.0,1
sub-IXI597,43.07734428,1
sub-A00051513,40.0,0
sub-OAS30009d0148,49.0,1
sub-78118,43.0,1
sub-0027033,41.0,0
sub-A00066871,46.0,1
sub-29631,46.6,1
sub-0025040,43.45,1
sub-0025118,46.84,0
sub-A00035535,43.0,1
sub-OAS30638d0072,42.0,0
sub-A00039393,49.0,1
sub-A00035951,44.0,0
sub-OAS30005d0581,49.0,1
sub-0025052,40.05,0
sub-IXI342,48.678987,0
sub-0025125,47.18,1
sub-0027109,49.0,0
sub-OAS30922d0000,45.96578,1
sub-OAS30673d0043,45.0,1
sub-A00066800,48.0,1
sub-0050667,40.0,0
sub-0025997,45.0,0
sub-A00028192,49.0,0
sub-A00051925,49.0,1
sub-A00034987,42.0,1
sub-OAS30231d1469,49.0,1
sub-0003007,43.53,0
sub-IXI207,40.3613963,1
sub-0027050,46.0,0
sub-87309,43.0,0
sub-OAS30290d0013,47.460644,0
sub-OAS30192d1291,46.07255,0
sub-A00052117,42.0,1
sub-16666,47.0,1
sub-OAS31081d0129,48.0,1
sub-OAS30786d0286,48.0,0
sub-OAS30709d0026,47.0,1
sub-OAS31059d1231,48.0,1
sub-53971,47.0,1
sub-0027043,47.0,1
sub-IXI188,44.02464066,1
sub-0051490,44.1,0
sub-A00062210,43.0,1
sub-0025170,41.21,0
sub-0025054,45.49,0
sub-29598,42.76,1
sub-91468,44.0,0
sub-IXI131,45.229295,1
sub-A00043617,47.0,1
sub-OAS30241d0170,48.0,1
sub-58677,46.0,1
sub-IXI168,43.82477755,0
sub-OAS31072d0833,48.0,0
sub-IXI148,40.55578371,1
sub-A00035633,49.0,0
sub-OAS30411d2943,47.526352,0
sub-OAS30699d1809,48.0,0
sub-A00043283,44.0,0
sub-0027116,49.0,1
sub-OAS30673d0556,46.0,1
sub-A00035765,40.0,1
sub-A00061204,40.0,0
sub-OAS30213d0041,46.0,1
sub-0025101,45.83,0
sub-A00050721,46.0,1
sub-IXI246,42.22039699,1
sub-A00035699,46.0,1
sub-IXI395,45.03216975,0
sub-A00039560,48.0,1
sub-OAS30588d0394,48.0,1
sub-0025149,45.74,0
sub-29625,41.62,1
sub-09931,48.0,0
sub-A00065487,42.0,1
sub-IXI572,41.94934976,1
sub-OAS30638d0071,42.0,0
sub-23607,48.0,1
sub-A00037768,41.0,1
sub-IXI163,48.05201916,0
sub-IXI225,47.01437372,1
sub-A00065995,45.0,0
sub-0025165,40.91,0
sub-IXI439,43.91786448,1
sub-0027124,41.0,0
sub-67948,48.0,0
sub-IXI298,43.46064339,1
sub-A00035504,49.0,1
sub-0025990,49.0,1
sub-OAS31059d1217,45.18549,1
sub-OAS30297d0105,49.0,1
sub-IXI636,43.15674196,0
sub-IXI089,49.40451745,1
sub-A00053202,43.0,1
sub-OAS31099d0086,46.0,1
sub-A00029104,44.0,1
sub-0027036,47.0,1
sub-OAS30668d0597,49.0,1
sub-OAS30059d0230,49.0,1
sub-0027039,49.0,0
sub-A00061711,42.0,0
sub-91049,48.0,1
sub-A00064081,44.0,1
sub-IXI040,44.09308693,1
sub-IXI662,41.7412731,0
sub-IXI652,42.98973306,0
sub-IXI562,42.78986995,1
sub-88220,40.0,0
sub-A00063008,43.0,1
sub-04856,46.0,1
sub-0027257,40.0,1
sub-A00039461,45.0,0
sub-IXI440,48.10130048,0
sub-A00066245,49.0,1
sub-A00040174,48.0,1
sub-OAS30211d0046,46.0,0
sub-0051372,46.0,1
sub-OAS31081d0000,47.78371,1
sub-30146,44.0,0
sub-0025028,42.94,0
sub-IXI100,41.51129363,1
sub-A00040757,49.0,1
sub-IXI044,44.85147159,1
sub-29011,48.0,0
sub-OAS30963d0047,48.0,0
sub-74164,43.0,0
sub-22894,49.0,0
sub-A00044345,47.0,1
sub-53282,49.0,1
sub-IXI055,49.40451745,1
sub-OAS30192d0293,46.0,0
sub-OAS30432d0000,43.214237,1
sub-A00040525,43.0,1
sub-IXI625,47.06913073,0
sub-A00028995,49.0,1
sub-OAS30131d0000,49.50308,0
sub-IXI542,44.38329911,1
sub-06046,44.0,0
sub-IXI304,46.59000684,1
sub-OAS30419d0621,49.0,1
sub-49975,46.0,0
sub-IXI287,44.99110198,1
sub-IXI653,46.22039699,0
sub-IXI362,41.09514031,1
sub-IXI314,45.85900068,0
sub-OAS30230d3856,46.25599,1
sub-IXI592,48.07939767,0
sub-A00037784,41.0,0
sub-95971,42.0,0
sub-49215,44.0,0
sub-IXI387,46.4312115,1
sub-A00040806,45.0,0
sub-IXI244,49.04312115,1
sub-0025111,47.61,1
sub-IXI477,46.4257358,1
sub-OAS31065d0056,49.0,0
sub-06021,45.0,0
sub-IXI449,46.89664613,0
sub-OAS30285d0055,45.0,1
sub-IXI221,48.54757016,0
sub-OAS30857d0000,49.92197,0
sub-59914,48.0,0
sub-OAS30673d1100,45.26489,1
sub-77431,48.0,1
sub-A00073677,44.0,1
sub-A00061001,44.0,1
sub-IXI145,49.3853525,0
